-- This SQLite script creates a multi-table database for Bank Customer Management.
-- It includes tables for customer profiles, transaction history, and feedback escalations.
-- All tables are populated with 100 consistent entries to simulate a robust production environment.

-- Drop existing tables to ensure a clean slate on re-execution.
DROP TABLE IF EXISTS CustomerAccounts;
DROP TABLE IF EXISTS AccountHistory;
DROP TABLE IF EXISTS FeedbackEscalation;

-- --------------------------------------------------------------------------------
-- Table 1: CustomerAccounts
-- Primary details of bank customers
-- --------------------------------------------------------------------------------
CREATE TABLE [CustomerAccounts]
(
    [CustomerID] TEXT NOT NULL PRIMARY KEY,
    [CustomerName] TEXT NOT NULL,
    [Branch] TEXT NOT NULL,
    [AccountNumber] TEXT NOT NULL,
    [AccountType] TEXT NOT NULL
);

-- --------------------------------------------------------------------------------
-- Table 2: AccountHistory
-- Tracks transactions and data retrieval timestamps
-- --------------------------------------------------------------------------------
CREATE TABLE [AccountHistory]
(
    [RecordID] INTEGER PRIMARY KEY AUTOINCREMENT,
    [CustomerID] TEXT NOT NULL,
    [TransactionDate] TEXT NOT NULL,
    [TransactionType] TEXT NOT NULL,
    [Amount] REAL,
    [Status] TEXT,
    FOREIGN KEY (CustomerID) REFERENCES CustomerAccounts(CustomerID)
);

-- --------------------------------------------------------------------------------
-- Table 3: FeedbackEscalation
-- Handles escalation for complaints or delayed responses
-- --------------------------------------------------------------------------------
CREATE TABLE [FeedbackEscalation]
(
    [RecordID] INTEGER PRIMARY KEY AUTOINCREMENT,
    [CustomerID] TEXT NOT NULL,
    [IssueType] TEXT NOT NULL,
    [EscalationLevel] TEXT,
    FOREIGN KEY (CustomerID) REFERENCES CustomerAccounts(CustomerID)
);

BEGIN TRANSACTION;

-- --------------------------------------------------------------------------------
-- Data Insertion: CustomerAccounts (100 Entries)
-- --------------------------------------------------------------------------------
INSERT INTO CustomerAccounts (CustomerID, CustomerName, Branch, AccountNumber, AccountType) VALUES
('CUST-001','Ravi Sharma','Chennai','ACC-100001','Savings'),
('CUST-002','Priya Singh','Mumbai','ACC-100002','Current'),
('CUST-003','Amit Kumar','Delhi','ACC-100003','Savings'),
('CUST-004','Neha Verma','Bangalore','ACC-100004','Current'),
('CUST-005','Suresh Patil','Hyderabad','ACC-100005','Savings'),
('CUST-006','Anita Das','Kolkata','ACC-100006','Savings'),
('CUST-007','Vikram Joshi','Chennai','ACC-100007','Current'),
('CUST-008','Rohit Mehta','Mumbai','ACC-100008','Savings'),
('CUST-009','Kavita Rao','Delhi','ACC-100009','Current'),
('CUST-010','Arjun Iyer','Bangalore','ACC-100010','Savings'),
('CUST-011','Manish Kumar','Hyderabad','ACC-100011','Current'),
('CUST-012','Divya Nair','Kolkata','ACC-100012','Savings'),
('CUST-013','Rajesh Sharma','Chennai','ACC-100013','Current'),
('CUST-014','Sneha Gupta','Mumbai','ACC-100014','Savings'),
('CUST-015','Mohit Verma','Delhi','ACC-100015','Current'),
('CUST-016','Priyanka Singh','Bangalore','ACC-100016','Savings'),
('CUST-017','Deepak Patil','Hyderabad','ACC-100017','Current'),
('CUST-018','Ritu Das','Kolkata','ACC-100018','Savings'),
('CUST-019','Ajay Joshi','Chennai','ACC-100019','Current'),
('CUST-020','Meena Mehta','Mumbai','ACC-100020','Savings'),
('CUST-021','Sanjay Rao','Delhi','ACC-100021','Current'),
('CUST-022','Pooja Iyer','Bangalore','ACC-100022','Savings'),
('CUST-023','Rahul Kumar','Hyderabad','ACC-100023','Current'),
('CUST-024','Anjali Nair','Kolkata','ACC-100024','Savings'),
('CUST-025','Vivek Sharma','Chennai','ACC-100025','Current'),
('CUST-026','Rashmi Gupta','Mumbai','ACC-100026','Savings'),
('CUST-027','Nikhil Verma','Delhi','ACC-100027','Current'),
('CUST-028','Seema Singh','Bangalore','ACC-100028','Savings'),
('CUST-029','Karan Patil','Hyderabad','ACC-100029','Current'),
('CUST-030','Shreya Das','Kolkata','ACC-100030','Savings'),
('CUST-031','Harsh Joshi','Chennai','ACC-100031','Current'),
('CUST-032','Riya Mehta','Mumbai','ACC-100032','Savings'),
('CUST-033','Ajit Rao','Delhi','ACC-100033','Current'),
('CUST-034','Sonal Iyer','Bangalore','ACC-100034','Savings'),
('CUST-035','Vijay Kumar','Hyderabad','ACC-100035','Current'),
('CUST-036','Pallavi Nair','Kolkata','ACC-100036','Savings'),
('CUST-037','Ramesh Sharma','Chennai','ACC-100037','Current'),
('CUST-038','Neelam Singh','Mumbai','ACC-100038','Savings'),
('CUST-039','Tarun Verma','Delhi','ACC-100039','Current'),
('CUST-040','Asha Rao','Bangalore','ACC-100040','Savings'),
('CUST-041','Siddharth Patil','Hyderabad','ACC-100041','Current'),
('CUST-042','Rashmi Das','Kolkata','ACC-100042','Savings'),
('CUST-043','Anand Joshi','Chennai','ACC-100043','Current'),
('CUST-044','Shweta Mehta','Mumbai','ACC-100044','Savings'),
('CUST-045','Rohan Kumar','Delhi','ACC-100045','Current'),
('CUST-046','Kiran Iyer','Bangalore','ACC-100046','Savings'),
('CUST-047','Vikas Sharma','Hyderabad','ACC-100047','Current'),
('CUST-048','Pooja Nair','Kolkata','ACC-100048','Savings'),
('CUST-049','Manoj Joshi','Chennai','ACC-100049','Current'),
('CUST-050','Priya Mehta','Mumbai','ACC-100050','Savings'),
('CUST-051','Abhishek Mishra','Delhi','ACC-100051','Savings'),
('CUST-052','Sunita Reddy','Bangalore','ACC-100052','Current'),
('CUST-053','Gopal Krishna','Hyderabad','ACC-100053','Savings'),
('CUST-054','Maya Devi','Kolkata','ACC-100054','Current'),
('CUST-055','Arun Kumar','Chennai','ACC-100055','Savings'),
('CUST-056','Lata Mangesh','Mumbai','ACC-100056','Savings'),
('CUST-057','Sandeep Bansal','Delhi','ACC-100057','Current'),
('CUST-058','Jyoti Kumari','Bangalore','ACC-100058','Savings'),
('CUST-059','Pawan Kalyan','Hyderabad','ACC-100059','Current'),
('CUST-060','Rupa Ganguly','Kolkata','ACC-100060','Savings'),
('CUST-061','Karthik S','Chennai','ACC-100061','Current'),
('CUST-062','Bhavna Shah','Mumbai','ACC-100062','Savings'),
('CUST-063','Varun Dhawan','Delhi','ACC-100063','Current'),
('CUST-064','Ishita Bhalla','Bangalore','ACC-100064','Savings'),
('CUST-065','Naveen Chandra','Hyderabad','ACC-100065','Current'),
('CUST-066','Tapas Paul','Kolkata','ACC-100066','Savings'),
('CUST-067','Subhash Bose','Chennai','ACC-100067','Current'),
('CUST-068','Aarti Chhabria','Mumbai','ACC-100068','Savings'),
('CUST-069','Kapil Dev','Delhi','ACC-100069','Current'),
('CUST-070','Saina Nehwal','Bangalore','ACC-100070','Savings'),
('CUST-071','Yuvraj Singh','Hyderabad','ACC-100071','Current'),
('CUST-072','Jhulan Goswami','Kolkata','ACC-100072','Savings'),
('CUST-073','Vishal Dadlani','Chennai','ACC-100073','Current'),
('CUST-074','Shreya Ghoshal','Mumbai','ACC-100074','Savings'),
('CUST-075','Arijit Singh','Delhi','ACC-100075','Current'),
('CUST-076','Sunidhi Chauhan','Bangalore','ACC-100076','Savings'),
('CUST-077','Udit Narayan','Hyderabad','ACC-100077','Current'),
('CUST-078','Alka Yagnik','Kolkata','ACC-100078','Savings'),
('CUST-079','Sonu Nigam','Chennai','ACC-100079','Current'),
('CUST-080','Kishore Kumar','Mumbai','ACC-100080','Savings'),
('CUST-081','Lata Bhakt','Delhi','ACC-100081','Current'),
('CUST-082','Mukesh Ambani','Bangalore','ACC-100082','Savings'),
('CUST-083','Ratan Tata','Hyderabad','ACC-100083','Current'),
('CUST-084','Azim Premji','Kolkata','ACC-100084','Savings'),
('CUST-085','Anand Mahindra','Chennai','ACC-100085','Current'),
('CUST-086','Gautam Adani','Mumbai','ACC-100086','Savings'),
('CUST-087','Narayana Murthy','Delhi','ACC-100087','Current'),
('CUST-088','Sudha Murthy','Bangalore','ACC-100088','Savings'),
('CUST-089','Shiv Nadar','Hyderabad','ACC-100089','Current'),
('CUST-090','Lakshmi Mittal','Kolkata','ACC-100090','Savings'),
('CUST-091','Kumar Birla','Chennai','ACC-100091','Current'),
('CUST-092','Uday Kotak','Mumbai','ACC-100092','Savings'),
('CUST-093','Dilip Shanghvi','Delhi','ACC-100093','Current'),
('CUST-094','Cyrus Poonawalla','Bangalore','ACC-100094','Savings'),
('CUST-095','Radhakishan Damani','Hyderabad','ACC-100095','Current'),
('CUST-096','Savitri Jindal','Kolkata','ACC-100096','Savings'),
('CUST-097','Kushal Pal Singh','Chennai','ACC-100097','Current'),
('CUST-098','Benu Gopal Bangur','Mumbai','ACC-100098','Savings'),
('CUST-099','M.A. Yusuff Ali','Delhi','ACC-100099','Current'),
('CUST-100','Ravi Pillai','Bangalore','ACC-100100','Savings');

-- --------------------------------------------------------------------------------
-- Data Insertion: AccountHistory (100 Entries)
-- --------------------------------------------------------------------------------
INSERT INTO AccountHistory (CustomerID, TransactionDate, TransactionType, Amount, Status) VALUES
('CUST-001','2026-02-01','Deposit',5000,'Success'),
('CUST-002','2026-02-02','Withdrawal',2000,'Success'),
('CUST-003','2026-02-03','Transfer',1500,'Success'),
('CUST-004','2026-02-04','Deposit',10000,'Success'),
('CUST-005','2026-02-05','Withdrawal',3000,'Success'),
('CUST-006','2026-02-06','Transfer',2500,'Failed'),
('CUST-007','2026-02-07','Deposit',8000,'Success'),
('CUST-008','2026-02-08','Withdrawal',1200,'Success'),
('CUST-009','2026-02-09','Transfer',4500,'Success'),
('CUST-010','2026-02-10','Deposit',7000,'Success'),
('CUST-011','2026-02-11','Withdrawal',3500,'Success'),
('CUST-012','2026-02-12','Transfer',2200,'Success'),
('CUST-013','2026-02-13','Deposit',9000,'Success'),
('CUST-014','2026-02-14','Withdrawal',1500,'Success'),
('CUST-015','2026-02-15','Transfer',3000,'Failed'),
('CUST-016','2026-02-16','Deposit',4000,'Success'),
('CUST-017','2026-02-17','Withdrawal',1000,'Success'),
('CUST-018','2026-02-18','Transfer',500,'Success'),
('CUST-019','2026-02-19','Deposit',6000,'Success'),
('CUST-020','2026-02-20','Withdrawal',2500,'Success'),
('CUST-021','2026-02-21','Deposit',5200,'Success'),
('CUST-022','2026-02-22','Withdrawal',3300,'Success'),
('CUST-023','2026-02-23','Transfer',2100,'Success'),
('CUST-024','2026-02-24','Deposit',7800,'Success'),
('CUST-025','2026-02-25','Withdrawal',1200,'Success'),
('CUST-026','2026-02-26','Transfer',900,'Failed'),
('CUST-027','2026-02-27','Deposit',4500,'Success'),
('CUST-028','2026-02-28','Withdrawal',2500,'Success'),
('CUST-029','2026-03-01','Transfer',3000,'Failed'),
('CUST-030','2026-03-02','Deposit',8000,'Success'),
('CUST-031','2026-03-03','Withdrawal',1400,'Success'),
('CUST-032','2026-03-04','Transfer',2200,'Success'),
('CUST-033','2026-03-05','Deposit',6000,'Success'),
('CUST-034','2026-03-06','Withdrawal',1700,'Success'),
('CUST-035','2026-03-07','Transfer',3200,'Failed'),
('CUST-036','2026-03-08','Deposit',5000,'Success'),
('CUST-037','2026-03-09','Withdrawal',2700,'Success'),
('CUST-038','2026-03-10','Transfer',800,'Success'),
('CUST-039','2026-03-11','Deposit',7200,'Success'),
('CUST-040','2026-03-12','Withdrawal',3100,'Success'),
('CUST-041','2026-03-13','Transfer',900,'Failed'),
('CUST-042','2026-03-14','Deposit',6600,'Success'),
('CUST-043','2026-03-15','Withdrawal',2000,'Success'),
('CUST-044','2026-03-16','Transfer',500,'Success'),
('CUST-045','2026-03-17','Deposit',4800,'Success'),
('CUST-046','2026-03-18','Withdrawal',2500,'Success'),
('CUST-047','2026-03-19','Transfer',3000,'Failed'),
('CUST-048','2026-03-20','Deposit',8000,'Success'),
('CUST-049','2026-03-21','Withdrawal',1800,'Success'),
('CUST-050','2026-03-22','Transfer',2100,'Success'),
('CUST-051','2026-03-23','Deposit',12000,'Success'),
('CUST-052','2026-03-24','Withdrawal',5000,'Success'),
('CUST-053','2026-03-25','Transfer',1500,'Failed'),
('CUST-054','2026-03-26','Deposit',9500,'Success'),
('CUST-055','2026-03-27','Withdrawal',2000,'Success'),
('CUST-056','2026-03-28','Transfer',4000,'Success'),
('CUST-057','2026-03-29','Deposit',11000,'Success'),
('CUST-058','2026-03-30','Withdrawal',6000,'Success'),
('CUST-059','2026-03-31','Transfer',2500,'Success'),
('CUST-060','2026-04-01','Deposit',8500,'Success'),
('CUST-061','2026-04-02','Withdrawal',3000,'Success'),
('CUST-062','2026-04-03','Transfer',1000,'Failed'),
('CUST-063','2026-04-04','Deposit',13000,'Success'),
('CUST-064','2026-04-05','Withdrawal',4500,'Success'),
('CUST-065','2026-04-06','Transfer',5000,'Success'),
('CUST-066','2026-04-07','Deposit',7200,'Success'),
('CUST-067','2026-04-08','Withdrawal',2000,'Success'),
('CUST-068','2026-04-09','Transfer',1200,'Success'),
('CUST-069','2026-04-10','Deposit',15000,'Success'),
('CUST-070','2026-04-11','Withdrawal',8000,'Success'),
('CUST-071','2026-04-12','Transfer',3000,'Failed'),
('CUST-072','2026-04-13','Deposit',10500,'Success'),
('CUST-073','2026-04-14','Withdrawal',2500,'Success'),
('CUST-074','2026-04-15','Transfer',2000,'Success'),
('CUST-075','2026-04-16','Deposit',9000,'Success'),
('CUST-076','2026-04-17','Withdrawal',3500,'Success'),
('CUST-077','2026-04-18','Transfer',1500,'Success'),
('CUST-078','2026-04-19','Deposit',12000,'Success'),
('CUST-079','2026-04-20','Withdrawal',5500,'Success'),
('CUST-080','2026-04-21','Transfer',1000,'Failed'),
('CUST-081','2026-04-22','Deposit',11000,'Success'),
('CUST-082','2026-04-23','Withdrawal',4000,'Success'),
('CUST-083','2026-04-24','Transfer',3000,'Success'),
('CUST-084','2026-04-25','Deposit',14000,'Success'),
('CUST-085','2026-04-26','Withdrawal',7000,'Success'),
('CUST-086','2026-04-27','Transfer',2500,'Success'),
('CUST-087','2026-04-28','Deposit',10000,'Success'),
('CUST-088','2026-04-29','Withdrawal',3000,'Success'),
('CUST-089','2026-04-30','Transfer',2000,'Failed'),
('CUST-090','2026-05-01','Deposit',12500,'Success'),
('CUST-091','2026-05-02','Withdrawal',5000,'Success'),
('CUST-092','2026-05-03','Transfer',1500,'Success'),
('CUST-093','2026-05-04','Deposit',11500,'Success'),
('CUST-094','2026-05-05','Withdrawal',4500,'Success'),
('CUST-095','2026-05-06','Transfer',1000,'Success'),
('CUST-096','2026-05-07','Deposit',13500,'Success'),
('CUST-097','2026-05-08','Withdrawal',6000,'Success'),
('CUST-098','2026-05-09','Transfer',2500,'Failed'),
('CUST-099','2026-05-10','Deposit',14500,'Success'),
('CUST-100','2026-05-11','Withdrawal',7500,'Success');

-- --------------------------------------------------------------------------------
-- Data Insertion: FeedbackEscalation (100 Entries)
-- --------------------------------------------------------------------------------
INSERT INTO FeedbackEscalation (CustomerID, IssueType, EscalationLevel) VALUES
('CUST-001','Delayed Deposit','Level 1'),
('CUST-002','Failed Withdrawal','Level 2'),
('CUST-003','Incorrect Transfer','Level 2'),
('CUST-004','Delayed Deposit','Level 1'),
('CUST-005','Failed Withdrawal','Level 2'),
('CUST-006','Failed Transfer','Level 3'),
('CUST-007','Delayed Deposit','Level 1'),
('CUST-008','Incorrect Withdrawal','Level 2'),
('CUST-009','Failed Transfer','Level 3'),
('CUST-010','Delayed Deposit','Level 1'),
('CUST-011','Incorrect Withdrawal','Level 2'),
('CUST-012','Failed Transfer','Level 3'),
('CUST-013','Delayed Deposit','Level 1'),
('CUST-014','Incorrect Withdrawal','Level 2'),
('CUST-015','Failed Transfer','Level 3'),
('CUST-016','Delayed Deposit','Level 1'),
('CUST-017','Incorrect Withdrawal','Level 2'),
('CUST-018','Failed Transfer','Level 3'),
('CUST-019','Delayed Deposit','Level 1'),
('CUST-020','Incorrect Withdrawal','Level 2'),
('CUST-021','Failed Transfer','Level 3'),
('CUST-022','Delayed Deposit','Level 1'),
('CUST-023','Incorrect Withdrawal','Level 2'),
('CUST-024','Failed Transfer','Level 3'),
('CUST-025','Delayed Deposit','Level 1'),
('CUST-026','Incorrect Withdrawal','Level 2'),
('CUST-027','Failed Transfer','Level 3'),
('CUST-028','Delayed Deposit','Level 1'),
('CUST-029','Incorrect Withdrawal','Level 2'),
('CUST-030','Failed Transfer','Level 3'),
('CUST-031','Delayed Deposit','Level 1'),
('CUST-032','Incorrect Withdrawal','Level 2'),
('CUST-033','Failed Transfer','Level 3'),
('CUST-034','Delayed Deposit','Level 1'),
('CUST-035','Incorrect Withdrawal','Level 2'),
('CUST-036','Failed Transfer','Level 3'),
('CUST-037','Delayed Deposit','Level 1'),
('CUST-038','Incorrect Withdrawal','Level 2'),
('CUST-039','Failed Transfer','Level 3'),
('CUST-040','Delayed Deposit','Level 1'),
('CUST-041','Incorrect Withdrawal','Level 2'),
('CUST-042','Failed Transfer','Level 3'),
('CUST-043','Delayed Deposit','Level 1'),
('CUST-044','Incorrect Withdrawal','Level 2'),
('CUST-045','Failed Transfer','Level 3'),
('CUST-046','Delayed Deposit','Level 1'),
('CUST-047','Incorrect Withdrawal','Level 2'),
('CUST-048','Failed Transfer','Level 3'),
('CUST-049','Delayed Deposit','Level 1'),
('CUST-050','Incorrect Withdrawal','Level 2'),
('CUST-051','App Login Issue','Level 1'),
('CUST-052','Card Blocked','Level 2'),
('CUST-053','Transaction Error','Level 3'),
('CUST-054','App Login Issue','Level 1'),
('CUST-055','Card Blocked','Level 2'),
('CUST-056','Transaction Error','Level 3'),
('CUST-057','App Login Issue','Level 1'),
('CUST-058','Card Blocked','Level 2'),
('CUST-059','Transaction Error','Level 3'),
('CUST-060','App Login Issue','Level 1'),
('CUST-061','Card Blocked','Level 2'),
('CUST-062','Transaction Error','Level 3'),
('CUST-063','App Login Issue','Level 1'),
('CUST-064','Card Blocked','Level 2'),
('CUST-065','Transaction Error','Level 3'),
('CUST-066','App Login Issue','Level 1'),
('CUST-067','Card Blocked','Level 2'),
('CUST-068','Transaction Error','Level 3'),
('CUST-069','App Login Issue','Level 1'),
('CUST-070','Card Blocked','Level 2'),
('CUST-071','Transaction Error','Level 3'),
('CUST-072','App Login Issue','Level 1'),
('CUST-073','Card Blocked','Level 2'),
('CUST-074','Transaction Error','Level 3'),
('CUST-075','App Login Issue','Level 1'),
('CUST-076','Card Blocked','Level 2'),
('CUST-077','Transaction Error','Level 3'),
('CUST-078','App Login Issue','Level 1'),
('CUST-079','Card Blocked','Level 2'),
('CUST-080','Transaction Error','Level 3'),
('CUST-081','Service Delay','Level 1'),
('CUST-082','Hidden Charges','Level 2'),
('CUST-083','Fraudulent Activity','Level 3'),
('CUST-084','Service Delay','Level 1'),
('CUST-085','Hidden Charges','Level 2'),
('CUST-086','Fraudulent Activity','Level 3'),
('CUST-087','Service Delay','Level 1'),
('CUST-088','Hidden Charges','Level 2'),
('CUST-089','Fraudulent Activity','Level 3'),
('CUST-090','Service Delay','Level 1'),
('CUST-091','Hidden Charges','Level 2'),
('CUST-092','Fraudulent Activity','Level 3'),
('CUST-093','Service Delay','Level 1'),
('CUST-094','Hidden Charges','Level 2'),
('CUST-095','Fraudulent Activity','Level 3'),
('CUST-096','Service Delay','Level 1'),
('CUST-097','Hidden Charges','Level 2'),
('CUST-098','Fraudulent Activity','Level 3'),
('CUST-099','Service Delay','Level 1'),
('CUST-100','Hidden Charges','Level 2');

COMMIT;