-- This SQLite script creates a multi-table database for Banking Standard Operating Procedures (SOP).
-- It includes tables for policy registration, compliance requirements, and escalation matrices.
-- All tables are populated with 150 consistent entries from the master SOP file.

-- Drop existing tables to ensure a clean slate on re-execution.
DROP TABLE IF EXISTS PolicyRegistry;
DROP TABLE IF EXISTS SOPCompliance;
DROP TABLE IF EXISTS EscalationMatrix;

-- --------------------------------------------------------------------------------
-- Table 1: PolicyRegistry
-- Contains the primary identification and categorization of banking policies.
-- --------------------------------------------------------------------------------
CREATE TABLE [PolicyRegistry]
(
    [PolicyID] TEXT NOT NULL PRIMARY KEY,
    [Category] TEXT NOT NULL,
    [ServiceType] TEXT NOT NULL
);

-- --------------------------------------------------------------------------------
-- Table 2: SOPCompliance
-- Tracks the standard requirements and thresholds for potential breaches.
-- --------------------------------------------------------------------------------
CREATE TABLE [SOPCompliance]
(
    [RecordID] INTEGER PRIMARY KEY AUTOINCREMENT,
    [PolicyID] TEXT NOT NULL,
    [StandardRequirement] TEXT,
    [BreachThreshold] TEXT,
    FOREIGN KEY (PolicyID) REFERENCES PolicyRegistry(PolicyID)
);

-- --------------------------------------------------------------------------------
-- Table 3: EscalationMatrix
-- Defines the personnel or departments responsible for handling breaches.
-- --------------------------------------------------------------------------------
CREATE TABLE [EscalationMatrix]
(
    [RecordID] INTEGER PRIMARY KEY AUTOINCREMENT,
    [PolicyID] TEXT NOT NULL,
    [EscalationLevel] TEXT,
    FOREIGN KEY (PolicyID) REFERENCES PolicyRegistry(PolicyID)
);

-- --------------------------------------------------------------------------------
-- Data Insertion
-- Populating all three tables with consistent entries from the CSV data.
-- --------------------------------------------------------------------------------
BEGIN TRANSACTION;

INSERT INTO PolicyRegistry (PolicyID, Category, ServiceType) VALUES
('LND-001', 'Lending', 'Mortgage Application'),
('LND-002', 'Lending', 'Car Loan'),
('LND-003', 'Lending', 'Personal Loan'),
('LND-004', 'Lending', 'Credit Card Limit'),
('LND-005', 'Lending', 'Debt Restructuring'),
('OPS-001', 'Operations', 'Check Clearing'),
('OPS-002', 'Operations', 'Wire Transfer (Dom)'),
('OPS-003', 'Operations', 'Wire Transfer (Int)'),
('OPS-004', 'Operations', 'Address Change'),
('OPS-005', 'Operations', 'Safe Deposit Box'),
('ACC-001', 'Accounts', 'Account Closure'),
('ACC-002', 'Accounts', 'Joint Account Add'),
('ACC-003', 'Accounts', 'Interest Claim'),
('ACC-004', 'Accounts', 'KYC Refresh'),
('ACC-005', 'Accounts', 'Direct Debit Setup'),
('DIG-001', 'Digital', 'Password Reset'),
('DIG-002', 'Digital', 'Mobile App Login'),
('DIG-003', 'Digital', 'E-Statement Enrollment'),
('DIG-004', 'Digital', 'Two-Factor Auth'),
('DIG-005', 'Digital', 'Live Chat Response'),
('PAY-001', 'Payments', 'POS Transaction'),
('PAY-002', 'Payments', 'ATM Withdrawal'),
('PAY-003', 'Payments', 'Online Subscription'),
('PAY-004', 'Payments', 'Foreign Exchange'),
('PAY-005', 'Payments', 'Merchant Settlement'),
('LND-006', 'Lending', 'Education Loan'),
('LND-007', 'Lending', 'Small Biz Loan'),
('LND-008', 'Lending', 'Loan Top-up'),
('LND-009', 'Lending', 'Collateral Release'),
('LND-010', 'Lending', 'Fixed Rate Switch'),
('OPS-006', 'Operations', 'Vault Audit'),
('OPS-007', 'Operations', 'Cash Delivery'),
('OPS-008', 'Operations', 'Statement Printing'),
('OPS-009', 'Operations', 'Mail Processing'),
('OPS-010', 'Operations', 'Back Office Audit'),
('ACC-006', 'Accounts', 'Account Re-opening'),
('ACC-007', 'Accounts', 'Nominee Update'),
('ACC-008', 'Accounts', 'Power of Attorney'),
('ACC-009', 'Accounts', 'Overdraft Review'),
('ACC-010', 'Accounts', 'Banker Confirmation'),
('DIG-006', 'Digital', 'Bill Pay Setup'),
('DIG-007', 'Digital', 'QR Code Payment'),
('DIG-008', 'Digital', 'Biometric Update'),
('DIG-009', 'Digital', 'Cloud Backup Sync'),
('DIG-010', 'Digital', 'In-app Notification'),
('PAY-011', 'Payments', 'Utility Bill Pay'),
('PAY-012', 'Payments', 'P2P Transfer'),
('PAY-013', 'Payments', 'Bulk Payroll'),
('PAY-014', 'Payments', 'Dividend Payout'),
('PAY-015', 'Payments', 'Wallet Top-up'),
('LND-011', 'Lending', 'Agri Loan'),
('LND-012', 'Lending', 'Gold Loan'),
('LND-013', 'Lending', 'Bridge Financing'),
('LND-014', 'Lending', 'Equipment Lease'),
('LND-015', 'Lending', 'Commercial RE'),
('OPS-011', 'Operations', 'ATM Maintenance'),
('OPS-012', 'Operations', 'Branch Security'),
('OPS-013', 'Operations', 'IT Patching'),
('OPS-014', 'Operations', 'Network Uptime'),
('OPS-015', 'Operations', 'Disaster Recovery'),
('ACC-011', 'Accounts', 'Direct Deposit Error'),
('ACC-012', 'Accounts', 'Tax Withholding Fix'),
('ACC-013', 'Accounts', 'Trust Account Setup'),
('ACC-014', 'Accounts', 'Safe Custody Audit'),
('ACC-015', 'Accounts', 'Dormant Fee Refund'),
('DIG-011', 'Digital', 'API Response Time'),
('DIG-012', 'Digital', 'Card Control Update'),
('DIG-013', 'Digital', 'Virtual Assistant'),
('DIG-014', 'Digital', 'Online Loan Calc'),
('DIG-015', 'Digital', 'Bio-auth Recovery'),
('PAY-006', 'Payments', 'Batch Refund File'),
('PAY-007', 'Payments', 'Recurring Bill Pay'),
('PAY-008', 'Payments', 'Tax Payment (IRS)'),
('PAY-009', 'Payments', 'Gift Card Activation'),
('PAY-010', 'Payments', 'Mobile Check Value'),
('CMP-001', 'Compliance', 'AML Screening'),
('CMP-002', 'Compliance', 'Sanctions Review'),
('CMP-003', 'Compliance', 'Fraud Alert'),
('CMP-004', 'Compliance', 'GDPR Request'),
('CMP-005', 'Compliance', 'Conflict Check'),
('MKT-001', 'Marketing', 'Lead Follow-up'),
('MKT-002', 'Marketing', 'Campaign Approval'),
('MKT-003', 'Marketing', 'Social Media Post'),
('MKT-004', 'Marketing', 'Press Release'),
('MKT-005', 'Marketing', 'Brand Audit'),
('HR-001', 'HR', 'New Hire Setup'),
('HR-002', 'HR', 'Payroll Run'),
('HR-003', 'HR', 'Benefit Enrollment'),
('HR-004', 'HR', 'Exit Interview'),
('HR-005', 'HR', 'Annual Appraisal'),
('IT-001', 'IT', 'Service Desk Tkt'),
('IT-002', 'IT', 'Server Reboot'),
('IT-003', 'IT', 'DB Migration'),
('IT-004', 'IT', 'Software License'),
('IT-005', 'IT', 'Hardware Request'),
('LND-016', 'Lending', 'Loan Cancellation'),
('LND-017', 'Lending', 'Rate Lock Ext'),
('LND-018', 'Lending', 'Escrow Analysis'),
('LND-019', 'Lending', 'Prepayment Calc'),
('LND-020', 'Lending', 'Subordination Req'),
('OPS-016', 'Operations', 'Key Management'),
('OPS-017', 'Operations', 'Supply Ordering'),
('OPS-018', 'Operations', 'Janitorial Review'),
('OPS-019', 'Operations', 'Alarm Testing'),
('OPS-020', 'Operations', 'Parking Permits'),
('ACC-016', 'Accounts', 'Debit Card Issue'),
('ACC-017', 'Accounts', 'PIN Reset (In-Branch)'),
('ACC-018', 'Accounts', 'Checkbook Order'),
('ACC-019', 'Accounts', 'Stop Payment Req'),
('ACC-020', 'Accounts', 'Overdraft Opt-in'),
('DIG-016', 'Digital', 'App Feature Flag'),
('DIG-017', 'Digital', 'Bug Report Triage'),
('DIG-018', 'Digital', 'UX Feedback Review'),
('DIG-019', 'Digital', 'App Store Review'),
('DIG-020', 'Digital', 'Server Latency'),
('PAY-016', 'Payments', 'ACH Return File'),
('PAY-017', 'Payments', 'Chargeback Claim'),
('PAY-018', 'Payments', 'Interchange Audit'),
('PAY-019', 'Payments', 'Swift GPI Tracking'),
('PAY-020', 'Payments', 'NFC Payment Failure'),
('CMP-006', 'Compliance', 'KYB Verification'),
('CMP-007', 'Compliance', 'SAR Filing'),
('CMP-008', 'Compliance', 'FATCA Reporting'),
('CMP-009', 'Compliance', 'Internal Audit Rep'),
('CMP-010', 'Compliance', 'Ethics Hotline'),
('MKT-006', 'Marketing', 'Event Sponsorship'),
('MKT-007', 'Marketing', 'Customer Survey'),
('MKT-008', 'Marketing', 'Email Newsletter'),
('MKT-009', 'Marketing', 'SEO Update'),
('MKT-010', 'Marketing', 'Ad Copy Review'),
('HR-006', 'HR', 'Training Completion'),
('HR-007', 'HR', 'Leave Approval'),
('HR-008', 'HR', 'Expense Reimbursement'),
('HR-009', 'HR', 'Intern Onboarding'),
('HR-010', 'HR', 'Relocation Package'),
('IT-006', 'IT', 'Firewall Rule'),
('IT-007', 'IT', 'SSL Renewal'),
('IT-008', 'IT', 'VPN Connectivity'),
('IT-009', 'IT', 'Email Quarantine'),
('IT-010', 'IT', 'Access Revocation'),
('LND-021', 'Lending', 'Vesting Review'),
('LND-022', 'Lending', 'Appraisal Order'),
('LND-023', 'Lending', 'Title Search'),
('LND-024', 'Lending', 'Flood Zone Cert'),
('LND-025', 'Lending', 'Underwriting Q&A');

INSERT INTO SOPCompliance (PolicyID, StandardRequirement, BreachThreshold) VALUES
('LND-001', 'Initial review in 3 days', '>5 Days'),
('LND-002', 'Approval in 24 hours', '>48 Hours'),
('LND-003', 'Disbursement in 48 hours', '>72 Hours'),
('LND-004', 'Decision in 2 business days', '>4 Days'),
('LND-005', 'Consultation in 5 days', '>7 Days'),
('OPS-001', 'T+1 Day processing', '>T+3 Days'),
('OPS-002', 'Same day execution', '>24 Hours'),
('OPS-003', '24-48 hours execution', '>72 Hours'),
('OPS-004', 'Instant update', '>48 Hours'),
('OPS-005', '30 min wait time', '>60 Minutes'),
('ACC-001', 'Processed in 48 hours', '>4 Days'),
('ACC-002', '24 hour verification', '>3 Days'),
('ACC-003', 'Resolved in 7 days', '>14 Days'),
('ACC-004', 'Annual update', '>13 Months'),
('ACC-005', 'Instant activation', '>24 Hours'),
('DIG-001', 'Email sent in <1 min', '>5 Minutes'),
('DIG-002', 'Success in <2 seconds', '>10 Seconds'),
('DIG-003', 'Confirmation in 1 hour', '>24 Hours'),
('DIG-004', 'SMS delivered in 30s', '>2 Minutes'),
('DIG-005', 'Response in 2 minutes', '>5 Minutes'),
('PAY-001', 'Authorized in 3 seconds', '>10 Seconds'),
('PAY-002', 'Dispense in <1 min', '>3 Minutes'),
('PAY-003', 'Verified in real-time', '>1 Hour delay'),
('PAY-004', 'Rate lock for 10 min', '>15 Minutes'),
('PAY-005', 'T+2 Days', '>T+4 Days'),
('LND-006', 'Quote in 24 hours', '>72 Hours'),
('LND-007', 'Review in 5 days', '>10 Days'),
('LND-008', 'Decision in 2 days', '>5 Days'),
('LND-009', 'Processed in 10 days', '>15 Days'),
('LND-010', 'Processed in 3 days', '>7 Days'),
('OPS-006', 'Bi-weekly', '>15 Days'),
('OPS-007', 'Before 10 AM', '>12 PM'),
('OPS-008', 'Monthly cycle', '>35 Days'),
('OPS-009', 'Daily at 4 PM', '>6 PM'),
('OPS-010', 'Quarterly', '>100 Days'),
('ACC-006', 'Same day', '>48 Hours'),
('ACC-007', '24 hours', '>72 Hours'),
('ACC-008', 'Legal review 5 days', '>10 Days'),
('ACC-009', 'Annual', '>14 Months'),
('ACC-010', '48 hours', '>4 Days'),
('DIG-006', 'Instant', '>24 Hours'),
('DIG-007', 'Scan <1 sec', '>5 Seconds'),
('DIG-008', 'Real-time', '>10 Minutes'),
('DIG-009', 'Daily at midnight', '>36 Hours'),
('DIG-010', 'Within 5 min of event', '>30 Minutes'),
('PAY-011', 'T+1 Day', '>T+3 Days'),
('PAY-012', 'Instant', '>1 Hour'),
('PAY-013', 'Processed by 6 PM', '>8 PM'),
('PAY-014', 'On record date', '>24 Hours late'),
('PAY-015', 'Instant', '>15 Minutes'),
('LND-011', 'Review in 7 days', '>14 Days'),
('LND-012', 'Valuation in 1 hour', '>4 Hours'),
('LND-013', 'Decision in 48 hours', '>96 Hours'),
('LND-014', 'Approval in 3 days', '>6 Days'),
('LND-015', 'Review in 14 days', '>21 Days'),
('OPS-011', 'Monthly', '>40 Days'),
('OPS-012', '24/7 Monitoring', '>15 min outage'),
('OPS-013', 'Weekly', '>10 Days'),
('OPS-014', '99.9% Uptime', '<99.0% Uptime'),
('OPS-015', 'Annual Drill', '>15 Months'),
('ACC-011', 'Corrected in 24 hours', '>48 Hours'),
('ACC-012', 'Same-day adjustment', '>24 Hours'),
('ACC-013', '5 business days', '>10 Days'),
('ACC-014', 'Annual', '>13 Months'),
('ACC-015', 'Instant (one-time)', '>24 Hours'),
('DIG-011', '< 200ms', '>500ms'),
('DIG-012', 'Real-time (Sync)', '>1 Minute'),
('DIG-013', '90% Intent Match', '< 75% Match'),
('DIG-014', '± 0.01% Accuracy', 'Any Variance'),
('DIG-015', '24 hour lockout', '>48 Hours'),
('PAY-006', 'Processed by 4 PM', '>6 PM Delay'),
('PAY-007', 'Execute 3 AM Local', 'Missed Window'),
('PAY-008', 'Instant Ack', '>1 Hour'),
('PAY-009', '< 5 minutes', '>30 Minutes'),
('PAY-010', 'Available in 1 hour', '>4 Hours'),
('CMP-001', 'Real-time', '>10 Minutes'),
('CMP-002', 'Daily update', '>48 Hours'),
('CMP-003', 'Trigger < 5 min', '>30 Minutes'),
('CMP-004', '30 Day turnaround', '>40 Days'),
('CMP-005', '2 business days', '>5 Days'),
('MKT-001', 'Within 4 hours', '>24 Hours'),
('MKT-002', '48 hours', '>5 Days'),
('MKT-003', 'Daily', '>48 Hours'),
('MKT-004', 'Same-day approval', '>48 Hours'),
('MKT-005', 'Semi-annual', '>8 Months'),
('HR-001', 'Before start date', 'After Day 1'),
('HR-002', '25th of month', '>26th'),
('HR-003', '15 days from hire', '>30 Days'),
('HR-004', 'Within 48 hours', '>1 Week'),
('HR-005', 'By Dec 31st', '>Jan 15th'),
('IT-001', 'Initial ack 1 hour', '>4 Hours'),
('IT-002', 'Scheduled window', 'Outside window'),
('IT-003', 'Weekend window', 'Mon morning'),
('IT-004', 'Annual review', '>13 Months'),
('IT-005', '5 business days', '>10 Days'),
('LND-016', '24 hours', '>72 Hours'),
('LND-017', '1 business day', '>3 Days'),
('LND-018', 'Annual', '>14 Months'),
('LND-019', 'Instant via portal', '>24 Hours'),
('LND-020', '10 business days', '>20 Days'),
('OPS-016', 'Dual custody', 'Single access'),
('OPS-017', 'Bi-weekly', '>20 Days'),
('OPS-018', 'Daily', '>48 Hours'),
('OPS-019', 'Monthly', '>45 Days'),
('OPS-020', 'Annual', '>13 Months'),
('ACC-016', '7 business days', '>14 Days'),
('ACC-017', 'Instant', '>30 Minutes'),
('ACC-018', '5 business days', '>10 Days'),
('ACC-019', 'Instant', '>1 Hour'),
('ACC-020', 'Real-time', '>24 Hours'),
('DIG-016', 'Scheduled window', 'Missed window'),
('DIG-017', '24 hours', '>72 Hours'),
('DIG-018', 'Weekly', '>10 Days'),
('DIG-019', 'Daily response', '>72 Hours'),
('DIG-020', '< 100ms avg', '>300ms avg'),
('PAY-016', '2 AM Daily', '>5 AM'),
('PAY-017', '45 Day window', '>60 Days'),
('PAY-018', 'Quarterly', '>100 Days'),
('PAY-019', 'Real-time update', '>4 Hours'),
('PAY-020', 'Alert in 1 min', '>15 Minutes'),
('CMP-006', '3 business days', '>7 Days'),
('CMP-007', 'Statutory deadline', 'Missed deadline'),
('CMP-008', 'Annual filing', 'Late filing'),
('CMP-009', 'Annual', '>14 Months'),
('CMP-010', '24/7 Availability', '>1 hour outage'),
('MKT-006', 'Review in 10 days', '>20 Days'),
('MKT-007', 'Quarterly', '>4 Months'),
('MKT-008', 'Monthly', '>40 Days'),
('MKT-009', 'Weekly audit', '>14 Days'),
('MKT-010', '24 hours', '>72 Hours'),
('HR-006', '90 days from hire', '>100 Days'),
('HR-007', '3 business days', '>7 Days'),
('HR-008', '5 business days', '>14 Days'),
('HR-009', '2 weeks notice', '< 1 week'),
('HR-010', '30 days', '>60 Days'),
('IT-006', '4 hour urgent', '>24 Hours'),
('IT-007', '30 days before exp', '< 7 days'),
('IT-008', '99.5% availability', '< 98%'),
('IT-009', 'Real-time scan', '>10 min delay'),
('IT-010', 'Within 1 hour', '>4 Hours'),
('LND-021', '2 business days', '>5 Days'),
('LND-022', '24 hours', '>72 Hours'),
('LND-023', '3 business days', '>7 Days'),
('LND-024', '1 business day', '>3 Days'),
('LND-025', '4 hour response', '>24 Hours');

INSERT INTO EscalationMatrix (PolicyID, EscalationLevel) VALUES
('LND-001', 'Credit Manager'),
('LND-002', 'Branch Head'),
('LND-003', 'Ops Director'),
('LND-004', 'Risk Officer'),
('LND-005', 'Collections Lead'),
('OPS-001', 'Treasury Head'),
('OPS-002', 'Payments Lead'),
('OPS-003', 'SWIFT Manager'),
('OPS-004', 'Back Office'),
('OPS-005', 'Branch Supervisor'),
('ACC-001', 'Retention Manager'),
('ACC-002', 'Branch Manager'),
('ACC-003', 'Finance Head'),
('ACC-004', 'Compliance Team'),
('ACC-005', 'Auto-pay Desk'),
('DIG-001', 'IT Support'),
('DIG-002', 'App Dev Team'),
('DIG-003', 'Marketing Mgr'),
('DIG-004', 'Security Ops'),
('DIG-005', 'Support Lead'),
('PAY-001', 'Fraud Desk'),
('PAY-002', 'ATM Vendor'),
('PAY-003', 'Card Services'),
('PAY-004', 'FX Desk'),
('PAY-005', 'Settlement Mgr'),
('LND-006', 'Loan Officer'),
('LND-007', 'SME Head'),
('LND-008', 'Credit Desk'),
('LND-009', 'Legal Dept'),
('LND-010', 'Retail Banking'),
('OPS-006', 'Audit Lead'),
('OPS-007', 'Logistics Mgr'),
('OPS-008', 'Comms Team'),
('OPS-009', 'Facilities Mgr'),
('OPS-010', 'Internal Audit'),
('ACC-006', 'Account Admin'),
('ACC-007', 'KYC Manager'),
('ACC-008', 'Legal Counsel'),
('ACC-009', 'Credit Risk'),
('ACC-010', 'Relationship Mgr'),
('DIG-006', 'Payments Team'),
('DIG-007', 'Digital Channels'),
('DIG-008', 'IAM Team'),
('DIG-009', 'Cloud Engineer'),
('DIG-010', 'Product Owner'),
('PAY-011', 'Billing Dept'),
('PAY-012', 'Digital Ops'),
('PAY-013', 'Treasury Ops'),
('PAY-014', 'Corporate Sec'),
('PAY-015', 'Wallet Team'),
('LND-011', 'Agri Head'),
('LND-012', 'Valuer'),
('LND-013', 'Underwriting'),
('LND-014', 'Asset Finance'),
('LND-015', 'CRE Manager'),
('OPS-011', 'Maintenance Co'),
('OPS-012', 'Head of Security'),
('OPS-013', 'Sys Admin'),
('OPS-014', 'NOC Manager'),
('OPS-015', 'BCP Lead'),
('ACC-011', 'ACH Manager'),
('ACC-012', 'Payroll Support'),
('ACC-013', 'Trust Officer'),
('ACC-014', 'Branch Admin'),
('ACC-015', 'Service Lead'),
('DIG-011', 'Backend Engineer'),
('DIG-012', 'Digital Channels'),
('DIG-013', 'AI Lead'),
('DIG-014', 'Product Owner'),
('DIG-015', 'IAM Team'),
('PAY-006', 'Merchant Ops'),
('PAY-007', 'Payment Batch'),
('PAY-008', 'Compliance Tax'),
('PAY-009', 'Retail Ops'),
('PAY-010', 'Mobile Banking'),
('CMP-001', 'AML Officer'),
('CMP-002', 'Risk Manager'),
('CMP-003', 'Fraud Lead'),
('CMP-004', 'DPO'),
('CMP-005', 'Ethics Comm'),
('MKT-001', 'Sales Lead'),
('MKT-002', 'CMO'),
('MKT-003', 'Social Media Mgr'),
('MKT-004', 'PR Manager'),
('MKT-005', 'Brand Manager'),
('HR-001', 'HRBP'),
('HR-002', 'Payroll Manager'),
('HR-003', 'Benefits Lead'),
('HR-004', 'HR Director'),
('HR-005', 'Dept Head'),
('IT-001', 'Help Desk Lead'),
('IT-002', 'Infra Manager'),
('IT-003', 'DBA'),
('IT-004', 'IT Procurement'),
('IT-005', 'Asset Mgmt'),
('LND-016', 'Closing Team'),
('LND-017', 'Pricing Desk'),
('LND-018', 'Servicing Mgr'),
('LND-019', 'Portal Admin'),
('LND-020', 'Legal Ops'),
('OPS-016', 'Vault Custodian'),
('OPS-017', 'Purchasing'),
('OPS-018', 'Facilities'),
('OPS-019', 'Security Co'),
('OPS-020', 'Branch Admin'),
('ACC-016', 'Card Prod'),
('ACC-017', 'Teller Lead'),
('ACC-018', 'Fulfillment'),
('ACC-019', 'Backend Ops'),
('ACC-020', 'Compliance'),
('DIG-016', 'Release Eng'),
('DIG-017', 'QA Lead'),
('DIG-018', 'UX Lead'),
('DIG-019', 'Support Team'),
('DIG-020', 'SRE'),
('PAY-016', 'Clearing Team'),
('PAY-017', 'Disputes Dept'),
('PAY-018', 'Finance Mgr'),
('PAY-019', 'Swift Ops'),
('PAY-020', 'Technical Ops'),
('CMP-006', 'Business Risk'),
('CMP-007', 'Compliance Head'),
('CMP-008', 'Tax Reporting'),
('CMP-009', 'Audit Partner'),
('CMP-010', 'Ombudsman'),
('MKT-006', 'Events Team'),
('MKT-007', 'Analytics'),
('MKT-008', 'CRM Admin'),
('MKT-009', 'Webmaster'),
('MKT-010', 'Legal/Mktg'),
('HR-006', 'L&D Manager'),
('HR-007', 'HR Admin'),
('HR-008', 'Finance Dept'),
('HR-009', 'Recruitment'),
('HR-010', 'Mobility Team'),
('IT-006', 'Sec Architect'),
('IT-007', 'DevOps'),
('IT-008', 'Network Eng'),
('IT-009', 'Messaging Lead'),
('IT-010', 'IAM Admin'),
('LND-021', 'Legal Dept'),
('LND-022', 'Ops Center'),
('LND-023', 'Vendor Mgmt'),
('LND-024', 'Risk Dept'),
('LND-025', 'Underwriting Mgr');

COMMIT;