-- This SQLite script creates a 4-table database for Brand Sentiment Monitoring.
-- It simulates scraped mentions, NLP sentiment output, categorized tone, and alert tracking.
-- All tables contain structured cross-referenced records for realistic AI testing.

-- Drop existing tables
DROP TABLE IF EXISTS BrandMentions;
DROP TABLE IF EXISTS SentimentAnalysis;
DROP TABLE IF EXISTS ToneCategorization;
DROP TABLE IF EXISTS AlertLog;

-- ------------------------------------------------------------------------
-- Table 1: BrandMentions
-- Stores raw scraped mentions from Google Search
-- ------------------------------------------------------------------------
CREATE TABLE [BrandMentions]
(
    [MentionID] TEXT NOT NULL PRIMARY KEY,
    [BrandName] TEXT NOT NULL,
    [Platform] TEXT,
    [MentionText] TEXT,
    [SourceURL] TEXT,
    [MentionDate] TEXT
);

-- ------------------------------------------------------------------------
-- Table 2: SentimentAnalysis
-- Stores NLP classification results
-- ------------------------------------------------------------------------
CREATE TABLE [SentimentAnalysis]
(
    [MentionID] TEXT NOT NULL PRIMARY KEY,
    [SentimentLabel] TEXT,          -- Positive / Neutral / Negative
    [SentimentScore] REAL,          -- -1 to +1
    [IntensityLevel] TEXT,          -- Mild / Moderate / Severe
    FOREIGN KEY (MentionID) REFERENCES BrandMentions(MentionID)
);

-- ------------------------------------------------------------------------
-- Table 3: ToneCategorization
-- Categorizes mention type and risk level
-- ------------------------------------------------------------------------
CREATE TABLE [ToneCategorization]
(
    [MentionID] TEXT NOT NULL PRIMARY KEY,
    [Category] TEXT,                -- Complaint / Praise / Query / Viral Trend
    [RiskLevel] TEXT,               -- Low / Medium / High
    [KeywordDetected] TEXT,
    FOREIGN KEY (MentionID) REFERENCES BrandMentions(MentionID)
);

-- ------------------------------------------------------------------------
-- Table 4: AlertLog
-- Tracks alerts triggered for marketing team
-- ------------------------------------------------------------------------
CREATE TABLE [AlertLog]
(
    [AlertID] TEXT NOT NULL PRIMARY KEY,
    [BrandName] TEXT,
    [TotalMentions] INTEGER,
    [NegativeMentions] INTEGER,
    [SevereNegativeMentions] INTEGER,
    [RiskLevel] TEXT,
    [AlertTriggered] TEXT,          -- Yes / No
    [AlertDate] TEXT
);

-- ------------------------------------------------------------------------
-- Data Insertion
-- Simulating 100 consistent cross-referenced mentions
-- ------------------------------------------------------------------------

BEGIN TRANSACTION;

-- Insert BrandMentions
INSERT INTO BrandMentions VALUES
('MEN-001','NovaBank','Twitter','NovaBank app keeps crashing after update!','https://twitter.com/post1','2026-04-01'),
('MEN-002','NovaBank','Reddit','Customer support was very helpful today.','https://reddit.com/post2','2026-04-01'),
('MEN-003','NovaBank','News Blog','Security breach rumors surrounding NovaBank.','https://news.com/post3','2026-04-02'),
('MEN-004','NovaBank','Instagram','Loving the new UI redesign!','https://insta.com/post4','2026-04-02'),
('MEN-005','NovaBank','Twitter','My transfer failed twice today.','https://twitter.com/post5','2026-04-03'),
('MEN-006','NovaBank','YouTube','Detailed review of NovaBank features.','https://youtube.com/post6','2026-04-03'),
('MEN-007','NovaBank','Twitter','Worst banking experience ever!','https://twitter.com/post7','2026-04-04'),
('MEN-008','NovaBank','Reddit','Is NovaBank safe for large deposits?','https://reddit.com/post8','2026-04-04'),
('MEN-009','NovaBank','LinkedIn','NovaBank expanding into Asia market.','https://linkedin.com/post9','2026-04-05'),
('MEN-010','NovaBank','Twitter','App login issue fixed quickly, thanks team!','https://twitter.com/post10','2026-04-05'),
('MEN-011','NovaBank','Twitter','Hidden fees found on my latest statement.','https://twitter.com/post11','2026-04-06'),
('MEN-012','NovaBank','Facebook','Great interest rates compared to competitors.','https://facebook.com/post12','2026-04-06'),
('MEN-013','NovaBank','Reddit','Does NovaBank support crypto transfers yet?','https://reddit.com/post13','2026-04-07'),
('MEN-014','NovaBank','News Blog','NovaBank CEO discusses future of AI in finance.','https://news.com/post14','2026-04-07'),
('MEN-015','NovaBank','Twitter','Still waiting for my new card to arrive.','https://twitter.com/post15','2026-04-08'),
('MEN-016','NovaBank','Instagram','The metal card looks so premium!','https://insta.com/post16','2026-04-08'),
('MEN-017','NovaBank','Twitter','Fraudulent charge detected and blocked. Good job.','https://twitter.com/post17','2026-04-09'),
('MEN-018','NovaBank','Reddit','Avoid NovaBank, their TOS is predatory.','https://reddit.com/post18','2026-04-09'),
('MEN-019','NovaBank','YouTube','How to set up recurring payments on NovaBank.','https://youtube.com/post19','2026-04-10'),
('MEN-020','NovaBank','LinkedIn','NovaBank wins "Innovator of the Year" award.','https://linkedin.com/post20','2026-04-10'),
('MEN-021','NovaBank','Twitter','Why is the website down right now??','https://twitter.com/post21','2026-04-11'),
('MEN-022','NovaBank','Reddit','Customer service wait times are over an hour.','https://reddit.com/post22','2026-04-11'),
('MEN-023','NovaBank','Twitter','Easy to use, highly recommend for students.','https://twitter.com/post23','2026-04-12'),
('MEN-024','NovaBank','Facebook','Check out this phishing email pretending to be NovaBank.','https://facebook.com/post24','2026-04-12'),
('MEN-025','NovaBank','Instagram','Financial freedom starts with a good bank.','https://insta.com/post25','2026-04-13'),
('MEN-026','NovaBank','Twitter','Transaction history not updating in real-time.','https://twitter.com/post26','2026-04-13'),
('MEN-027','NovaBank','News Blog','NovaBank stocks plummet after quarterly report.','https://news.com/post27','2026-04-14'),
('MEN-028','NovaBank','Twitter','I love the savings buckets feature!','https://twitter.com/post28','2026-04-14'),
('MEN-029','NovaBank','Reddit','Is there a limit on international withdrawals?','https://reddit.com/post29','2026-04-15'),
('MEN-030','NovaBank','Twitter','Account locked for no reason. Fix this!','https://twitter.com/post30','2026-04-15'),
('MEN-031','NovaBank','LinkedIn','Join our team at NovaBank! We are hiring.','https://linkedin.com/post31','2026-04-16'),
('MEN-032','NovaBank','Twitter','Double charged for my groceries today.','https://twitter.com/post32','2026-04-16'),
('MEN-033','NovaBank','YouTube','Top 5 Banks in 2026 - NovaBank review.','https://youtube.com/post33','2026-04-17'),
('MEN-034','NovaBank','Reddit','The new cashback program is actually decent.','https://reddit.com/post34','2026-04-17'),
('MEN-035','NovaBank','Twitter','NovaBank is a scam. Stay away!','https://twitter.com/post35','2026-04-18'),
('MEN-036','NovaBank','Instagram','Saving for my first car with @NovaBank.','https://insta.com/post36','2026-04-18'),
('MEN-037','NovaBank','Twitter','Service is back up, thanks for the update.','https://twitter.com/post37','2026-04-19'),
('MEN-038','NovaBank','News Blog','NovaBank partners with major tech giant.','https://news.com/post38','2026-04-19'),
('MEN-039','NovaBank','Reddit','Are the servers down again for anyone else?','https://reddit.com/post39','2026-04-20'),
('MEN-040','NovaBank','Twitter','Refund finally processed. Took long enough.','https://twitter.com/post40','2026-04-20'),
('MEN-041','NovaBank','LinkedIn','Our commitment to sustainability and banking.','https://linkedin.com/post41','2026-04-21'),
('MEN-042','NovaBank','Twitter','App is lagging on Android after the patch.','https://twitter.com/post42','2026-04-21'),
('MEN-043','NovaBank','YouTube','NovaBank vs Traditional Banks: The truth.','https://youtube.com/post43','2026-04-22'),
('MEN-044','NovaBank','Reddit','Can I dispute a transaction through the app?','https://reddit.com/post44','2026-04-22'),
('MEN-045','NovaBank','Twitter','Best customer service experience ever.','https://twitter.com/post45','2026-04-23'),
('MEN-046','NovaBank','Instagram','Breakfast and banking. #NovaBank','https://insta.com/post46','2026-04-23'),
('MEN-047','NovaBank','Twitter','Cannot reset my password. Error code 500.','https://twitter.com/post47','2026-04-24'),
('MEN-048','NovaBank','News Blog','Security experts praise NovaBank encryption.','https://news.com/post48','2026-04-24'),
('MEN-049','NovaBank','Twitter','Why are interest rates dropping?','https://twitter.com/post49','2026-04-25'),
('MEN-050','NovaBank','Reddit','Thinking of switching to NovaBank. Any tips?','https://reddit.com/post50','2026-04-25'),
('MEN-051','NovaBank','Twitter','Worst customer support in history.','https://twitter.com/post51','2026-04-26'),
('MEN-052','NovaBank','Facebook','I recommend NovaBank to all my friends.','https://facebook.com/post52','2026-04-26'),
('MEN-053','NovaBank','LinkedIn','NovaBank expands its wealth management sector.','https://linkedin.com/post53','2026-04-27'),
('MEN-054','NovaBank','Twitter','App interface is too cluttered now.','https://twitter.com/post54','2026-04-27'),
('MEN-055','NovaBank','YouTube','Live: NovaBank Yearly Keynote.','https://youtube.com/post55','2026-04-28'),
('MEN-056','NovaBank','Reddit','Did anyone else lose their rewards points?','https://reddit.com/post56','2026-04-28'),
('MEN-057','NovaBank','Twitter','Got my loan approved in 5 minutes!','https://twitter.com/post57','2026-04-29'),
('MEN-058','NovaBank','Instagram','Travel goals made easy with NovaBank.','https://insta.com/post58','2026-04-29'),
('MEN-059','NovaBank','Twitter','System maintenance during peak hours??','https://twitter.com/post59','2026-04-30'),
('MEN-060','NovaBank','News Blog','NovaBank under investigation for tax issues.','https://news.com/post60','2026-04-30'),
('MEN-061','NovaBank','Twitter','Phone support is a nightmare.','https://twitter.com/post61','2026-05-01'),
('MEN-062','NovaBank','Reddit','Is the Joint Account feature live yet?','https://reddit.com/post62','2026-05-01'),
('MEN-063','NovaBank','Twitter','Transaction declined at the gas station.','https://twitter.com/post63','2026-05-02'),
('MEN-064','NovaBank','LinkedIn','NovaBank celebrates its 10th anniversary.','https://linkedin.com/post64','2026-05-02'),
('MEN-065','NovaBank','Instagram','Modern banking for the modern age.','https://insta.com/post65','2026-05-03'),
('MEN-066','NovaBank','Twitter','Fastest bank transfer I have ever seen.','https://twitter.com/post66','2026-05-03'),
('MEN-067','NovaBank','YouTube','Unboxing the NovaBank Titanium Card.','https://youtube.com/post67','2026-05-04'),
('MEN-068','NovaBank','Reddit','The app is draining my battery.','https://reddit.com/post68','2026-05-04'),
('MEN-069','NovaBank','Twitter','Security alert was a false alarm. Phew.','https://twitter.com/post69','2026-05-05'),
('MEN-070','NovaBank','News Blog','NovaBank acquires small fintech startup.','https://news.com/post70','2026-05-05'),
('MEN-071','NovaBank','Twitter','Zero stars if I could. Awful.','https://twitter.com/post71','2026-05-06'),
('MEN-072','NovaBank','Reddit','Best way to save for a mortgage.','https://reddit.com/post72','2026-05-06'),
('MEN-073','NovaBank','Twitter','Direct deposit came early this month!','https://twitter.com/post73','2026-05-07'),
('MEN-074','NovaBank','Facebook','Scammed by a site using NovaBank logo.','https://facebook.com/post74','2026-05-07'),
('MEN-075','NovaBank','Instagram','Financial wellness check-in.','https://insta.com/post75','2026-05-08'),
('MEN-076','NovaBank','Twitter','FaceID login keeps failing.','https://twitter.com/post76','2026-05-08'),
('MEN-077','NovaBank','LinkedIn','New carbon offset feature in our app.','https://linkedin.com/post77','2026-05-09'),
('MEN-078','NovaBank','Twitter','Friendly staff at the local branch.','https://twitter.com/post78','2026-05-09'),
('MEN-079','NovaBank','YouTube','NovaBank: The ultimate digital nomad bank.','https://youtube.com/post79','2026-05-10'),
('MEN-080','NovaBank','Reddit','Is anyone else having trouble with Zelle?','https://reddit.com/post80','2026-05-10'),
('MEN-081','NovaBank','Twitter','My account was hacked. No help from support.','https://twitter.com/post81','2026-05-11'),
('MEN-082','NovaBank','Instagram','Coffee on NovaBank rewards today.','https://insta.com/post82','2026-05-11'),
('MEN-083','NovaBank','Twitter','Love the dark mode on the app!','https://twitter.com/post83','2026-05-12'),
('MEN-084','NovaBank','News Blog','NovaBank reports record-breaking profits.','https://news.com/post84','2026-05-12'),
('MEN-085','NovaBank','Twitter','Fees are getting out of control.','https://twitter.com/post85','2026-05-13'),
('MEN-086','NovaBank','Reddit','How long for a wire transfer to clear?','https://reddit.com/post86','2026-05-13'),
('MEN-087','NovaBank','Twitter','NovaBank is down... again. Seriously?','https://twitter.com/post87','2026-05-14'),
('MEN-088','NovaBank','LinkedIn','CEO of NovaBank featured in Forbes.','https://linkedin.com/post88','2026-05-14'),
('MEN-089','NovaBank','Twitter','Seamless integration with my accounting software.','https://twitter.com/post89','2026-05-15'),
('MEN-090','NovaBank','Instagram','Investing made simple.','https://insta.com/post90','2026-05-15'),
('MEN-091','NovaBank','Twitter','Wait times on chat are ridiculous.','https://twitter.com/post91','2026-05-16'),
('MEN-092','NovaBank','YouTube','Stop using NovaBank? Critical update.','https://youtube.com/post92','2026-05-16'),
('MEN-093','NovaBank','Reddit','Referral bonus not paid out yet.','https://reddit.com/post93','2026-05-17'),
('MEN-094','NovaBank','Twitter','Shoutout to the support team for fixing my issue.','https://twitter.com/post94','2026-05-17'),
('MEN-095','NovaBank','News Blog','NovaBank to offer 0% interest on first car loans.','https://news.com/post95','2026-05-18'),
('MEN-096','NovaBank','Twitter','Another day, another bug in the app.','https://twitter.com/post96','2026-05-18'),
('MEN-097','NovaBank','Instagram','Payday vibes with NovaBank.','https://insta.com/post97','2026-05-19'),
('MEN-098','NovaBank','Twitter','So easy to set up an account.','https://twitter.com/post98','2026-05-19'),
('MEN-099','NovaBank','Reddit','What is the monthly maintenance fee?','https://reddit.com/post99','2026-05-20'),
('MEN-100','NovaBank','Twitter','Reliable and secure. Best bank so far.','https://twitter.com/post100','2026-05-20');

-- Insert SentimentAnalysis
INSERT INTO SentimentAnalysis VALUES
('MEN-001','Negative',-0.7,'Moderate'),
('MEN-002','Positive',0.8,'Mild'),
('MEN-003','Negative',-0.9,'Severe'),
('MEN-004','Positive',0.9,'Mild'),
('MEN-005','Negative',-0.6,'Moderate'),
('MEN-006','Neutral',0.1,'Mild'),
('MEN-007','Negative',-0.95,'Severe'),
('MEN-008','Neutral',0.0,'Mild'),
('MEN-009','Positive',0.7,'Moderate'),
('MEN-010','Positive',0.85,'Moderate'),
('MEN-011','Negative',-0.5,'Moderate'),
('MEN-012','Positive',0.75,'Mild'),
('MEN-013','Neutral',0.2,'Mild'),
('MEN-014','Neutral',0.3,'Mild'),
('MEN-015','Negative',-0.4,'Mild'),
('MEN-016','Positive',0.8,'Mild'),
('MEN-017','Positive',0.9,'Mild'),
('MEN-018','Negative',-0.8,'Moderate'),
('MEN-019','Neutral',0.0,'Mild'),
('MEN-020','Positive',0.95,'Moderate'),
('MEN-021','Negative',-0.7,'Moderate'),
('MEN-022','Negative',-0.6,'Moderate'),
('MEN-023','Positive',0.85,'Mild'),
('MEN-024','Negative',-0.85,'Severe'),
('MEN-025','Positive',0.6,'Mild'),
('MEN-026','Negative',-0.4,'Mild'),
('MEN-027','Negative',-0.9,'Severe'),
('MEN-028','Positive',0.9,'Mild'),
('MEN-029','Neutral',0.0,'Mild'),
('MEN-030','Negative',-0.8,'Severe'),
('MEN-031','Neutral',0.2,'Mild'),
('MEN-032','Negative',-0.7,'Moderate'),
('MEN-033','Neutral',0.4,'Mild'),
('MEN-034','Positive',0.7,'Mild'),
('MEN-035','Negative',-1.0,'Severe'),
('MEN-036','Positive',0.8,'Mild'),
('MEN-037','Positive',0.65,'Mild'),
('MEN-038','Positive',0.7,'Mild'),
('MEN-039','Negative',-0.5,'Moderate'),
('MEN-040','Neutral',0.3,'Mild'),
('MEN-041','Neutral',0.4,'Mild'),
('MEN-042','Negative',-0.4,'Moderate'),
('MEN-043','Neutral',0.1,'Mild'),
('MEN-044','Neutral',0.0,'Mild'),
('MEN-045','Positive',1.0,'Moderate'),
('MEN-046','Positive',0.5,'Mild'),
('MEN-047','Negative',-0.75,'Moderate'),
('MEN-048','Positive',0.8,'Mild'),
('MEN-049','Negative',-0.4,'Mild'),
('MEN-050','Neutral',0.2,'Mild'),
('MEN-051','Negative',-0.95,'Severe'),
('MEN-052','Positive',0.85,'Mild'),
('MEN-053','Positive',0.7,'Mild'),
('MEN-054','Negative',-0.5,'Moderate'),
('MEN-055','Neutral',0.2,'Mild'),
('MEN-056','Negative',-0.6,'Moderate'),
('MEN-057','Positive',0.9,'Moderate'),
('MEN-058','Positive',0.8,'Mild'),
('MEN-059','Negative',-0.7,'Moderate'),
('MEN-060','Negative',-0.85,'Severe'),
('MEN-061','Negative',-0.9,'Severe'),
('MEN-062','Neutral',0.1,'Mild'),
('MEN-063','Negative',-0.7,'Moderate'),
('MEN-064','Positive',0.9,'Mild'),
('MEN-065','Positive',0.7,'Mild'),
('MEN-066','Positive',0.95,'Moderate'),
('MEN-067','Neutral',0.3,'Mild'),
('MEN-068','Negative',-0.4,'Mild'),
('MEN-069','Neutral',0.2,'Mild'),
('MEN-070','Positive',0.7,'Mild'),
('MEN-071','Negative',-1.0,'Severe'),
('MEN-072','Positive',0.8,'Mild'),
('MEN-073','Positive',0.85,'Mild'),
('MEN-074','Negative',-0.9,'Severe'),
('MEN-075','Neutral',0.1,'Mild'),
('MEN-076','Negative',-0.5,'Moderate'),
('MEN-077','Positive',0.6,'Mild'),
('MEN-078','Positive',0.8,'Mild'),
('MEN-079','Positive',0.75,'Mild'),
('MEN-080','Neutral',-0.1,'Mild'),
('MEN-081','Negative',-0.95,'Severe'),
('MEN-082','Positive',0.6,'Mild'),
('MEN-083','Positive',0.8,'Mild'),
('MEN-084','Positive',0.9,'Moderate'),
('MEN-085','Negative',-0.6,'Moderate'),
('MEN-086','Neutral',0.0,'Mild'),
('MEN-087','Negative',-0.85,'Moderate'),
('MEN-088','Positive',0.7,'Mild'),
('MEN-089','Positive',0.85,'Mild'),
('MEN-090','Positive',0.6,'Mild'),
('MEN-091','Negative',-0.8,'Moderate'),
('MEN-092','Negative',-0.7,'Moderate'),
('MEN-093','Negative',-0.4,'Mild'),
('MEN-094','Positive',0.95,'Mild'),
('MEN-095','Positive',0.8,'Mild'),
('MEN-096','Negative',-0.6,'Moderate'),
('MEN-097','Positive',0.7,'Mild'),
('MEN-098','Positive',0.8,'Mild'),
('MEN-099','Neutral',0.0,'Mild'),
('MEN-100','Positive',0.9,'Moderate');

-- Insert ToneCategorization
INSERT INTO ToneCategorization VALUES
('MEN-001','Complaint','Medium','crashing'),
('MEN-002','Praise','Low','helpful'),
('MEN-003','Viral Trend','High','security breach'),
('MEN-004','Praise','Low','loving'),
('MEN-005','Complaint','Medium','failed transfer'),
('MEN-006','Query','Low','review'),
('MEN-007','Complaint','High','worst experience'),
('MEN-008','Query','Medium','safe'),
('MEN-009','Neutral News','Low','expansion'),
('MEN-010','Praise','Low','fixed quickly'),
('MEN-011','Complaint','Medium','hidden fees'),
('MEN-012','Praise','Low','interest rates'),
('MEN-013','Query','Low','crypto'),
('MEN-014','Neutral News','Low','AI finance'),
('MEN-015','Complaint','Low','card delivery'),
('MEN-016','Praise','Low','metal card'),
('MEN-017','Praise','Low','fraud detection'),
('MEN-018','Complaint','High','predatory'),
('MEN-019','Query','Low','recurring payments'),
('MEN-020','Praise','Low','award'),
('MEN-021','Complaint','High','website down'),
('MEN-022','Complaint','Medium','wait times'),
('MEN-023','Praise','Low','recommend'),
('MEN-024','Viral Trend','High','phishing'),
('MEN-025','Praise','Low','freedom'),
('MEN-026','Complaint','Low','real-time'),
('MEN-027','Viral Trend','High','plummet'),
('MEN-028','Praise','Low','savings buckets'),
('MEN-029','Query','Low','international'),
('MEN-030','Complaint','High','account locked'),
('MEN-031','Neutral News','Low','hiring'),
('MEN-032','Complaint','Medium','double charged'),
('MEN-033','Query','Low','top banks'),
('MEN-034','Praise','Low','cashback'),
('MEN-035','Complaint','High','scam'),
('MEN-036','Praise','Low','saving'),
('MEN-037','Praise','Low','service up'),
('MEN-038','Neutral News','Low','partnership'),
('MEN-039','Query','Medium','servers down'),
('MEN-040','Neutral News','Low','refund processed'),
('MEN-041','Neutral News','Low','sustainability'),
('MEN-042','Complaint','Medium','lagging'),
('MEN-043','Query','Low','vs traditional'),
('MEN-044','Query','Low','dispute'),
('MEN-045','Praise','Low','customer service'),
('MEN-046','Praise','Low','breakfast'),
('MEN-047','Complaint','Medium','error 500'),
('MEN-048','Praise','Low','encryption'),
('MEN-049','Query','Medium','interest rates'),
('MEN-050','Query','Low','switching'),
('MEN-051','Complaint','High','worst support'),
('MEN-052','Praise','Low','recommend'),
('MEN-053','Neutral News','Low','wealth management'),
('MEN-054','Complaint','Low','cluttered'),
('MEN-055','Neutral News','Low','keynote'),
('MEN-056','Complaint','Medium','rewards points'),
('MEN-057','Praise','Low','loan approved'),
('MEN-058','Praise','Low','travel'),
('MEN-059','Complaint','Medium','maintenance'),
('MEN-060','Viral Trend','High','investigation'),
('child-061','Complaint','High','nightmare'),
('MEN-062','Query','Low','joint account'),
('MEN-063','Complaint','Medium','declined'),
('MEN-064','Praise','Low','anniversary'),
('MEN-065','Praise','Low','modern'),
('MEN-066','Praise','Low','fastest'),
('MEN-067','Praise','Low','unboxing'),
('MEN-068','Complaint','Low','battery'),
('MEN-069','Neutral News','Low','false alarm'),
('MEN-070','Neutral News','Low','acquires'),
('MEN-071','Complaint','High','awful'),
('MEN-072','Praise','Low','mortgage'),
('MEN-073','Praise','Low','direct deposit'),
('MEN-074','Viral Trend','High','scammed'),
('MEN-075','Praise','Low','wellness'),
('MEN-076','Complaint','Medium','faceid'),
('MEN-077','Praise','Low','carbon offset'),
('MEN-078','Praise','Low','friendly'),
('MEN-079','Praise','Low','digital nomad'),
('MEN-080','Query','Medium','zelle'),
('MEN-081','Complaint','High','hacked'),
('MEN-082','Praise','Low','coffee'),
('MEN-083','Praise','Low','dark mode'),
('MEN-084','Neutral News','Low','profits'),
('MEN-085','Complaint','Medium','fees'),
('MEN-086','Query','Low','wire transfer'),
('MEN-087','Complaint','High','down again'),
('MEN-088','Neutral News','Low','forbes'),
('MEN-089','Praise','Low','seamless'),
('MEN-090','Praise','Low','investing'),
('MEN-091','Complaint','Medium','ridiculous'),
('MEN-092','Viral Trend','High','stop using'),
('MEN-093','Complaint','Low','referral'),
('MEN-094','Praise','Low','shoutout'),
('MEN-095','Neutral News','Low','0% interest'),
('MEN-096','Complaint','Medium','bug'),
('MEN-097','Praise','Low','payday'),
('MEN-098','Praise','Low','easy'),
('MEN-099','Query','Low','maintenance fee'),
('MEN-100','Praise','Low','reliable');

-- Insert AlertLog
INSERT INTO AlertLog VALUES
('ALT-001','NovaBank',10,4,2,'High','Yes','2026-04-05'),
('ALT-002','NovaBank',20,8,4,'High','Yes','2026-04-15'),
('ALT-003','NovaBank',30,12,6,'High','Yes','2026-04-25'),
('ALT-004','NovaBank',40,15,8,'High','Yes','2026-05-05');

COMMIT;